500000000023	
500000000033	
500000000089	
500000000131	
500000000147	
500000000173	
500000000191	
500000000209	
500000000231	
500000000243
500000000263	
500000000273	
500000000333	
500000000387	
500000000413	
500000000471	
500000000509	
500000000537	
500000000551	
500000000609
500000000611	
500000000623	
500000000627	
500000000651	
500000000677	
500000000723	
500000000737	
500000000761	
500000000789	
500000000803
500000000807	
500000000809	
500000000837	
500000000977	
500000000989	
500000001029	
500000001077	
500000001079	
500000001097	
500000001101
500000001143	
500000001187	
500000001223	
500000001227	
500000001271	
500000001341	
500000001401	
500000001443	
500000001491	
500000001509
500000001521	
500000001587	
500000001593	
500000001619	
500000001637	
500000001647	
500000001653	
500000001667	
500000001673	
500000001689
500000001727	
500000001751	
500000001763	
500000001793	
500000001803	
500000001997	
500000002031	
500000002037	
500000002067	
500000002091
500000002097	
500000002111	
500000002189	
500000002207	
500000002241	
500000002319	
500000002321	
500000002391	
500000002409	
500000002417
500000002429	
500000002441	
500000002471	
500000002477	
500000002517	
500000002529	
500000002543	
500000002549	
500000002553	
500000002613
500000002657	
500000002681	
500000002709	
500000002721	
500000002727	
500000002741	
500000002781	
500000002787	
500000002823	
500000002829
500000002883	
500000002889	
500000002967	
500000002981	
500000003047	
500000003051	
500000003081	
500000003117	
500000003123	
500000003177
500000003203	
500000003207	
500000003213	
500000003291	
500000003333	
500000003359	
500000003417	
500000003423	
500000003497	
500000003507
500000003519	
500000003527	
500000003539	
500000003561	
500000003567	
500000003611	
500000003627	
500000003663	
500000003669	
500000003677
500000003771	
500000003801	
500000003803	
500000003831	
500000003849	
500000003887	
500000003917	
500000003953	
500000004017	
500000004019
500000004029	
500000004037	
500000004067	
500000004083	
500000004103	
500000004107	
500000004113	
500000004151	
500000004157	
500000004193
500000004197	
500000004209	
500000004289	
500000004373	
500000004377	
500000004379	
500000004409	
500000004461	
500000004479	
500000004487
500000004521	
500000004529	
500000004571	
500000004577	
500000004589	
500000004667	
500000004701	
500000004733	
500000004773	
500000004799
500000004817	
500000004853	
500000004857	
500000004863	
500000004871	
500000004883	
500000004941	
500000004971	
500000005009	
500000005163
500000005189	
500000005207	
500000005247	
500000005261	
500000005279	
500000005291	
500000005303	
500000005313	
500000005319	
500000005327
500000005331	
500000005333	
500000005381	
500000005409	
500000005411	
500000005487	
500000005501	
500000005507	
500000005517	
500000005537
500000005537	
500000005543	
500000005553	
500000005591	
500000005619	
500000005627	
500000005651	
500000005667	
500000005691	
500000005699
500000005717	
500000005721	
500000005723	
500000005741	
500000005783	
500000005811	
500000005903	
500000005907	
500000005927	
500000005933
500000006039	
500000006063	
500000006081	
500000006119	
500000006137	
500000006249	
500000006267	
500000006269	
500000006323	
500000006339
500000006417	
500000006449	
500000006453	
500000006497	
500000006501	
500000006531	
500000006563	
500000006591	
500000006603	
500000006651
500000006657	
500000006669	
500000006687	
500000006699	
500000006731	
500000006771	
500000006777	
500000006801	
500000006843	
500000006851
500000006861	
500000006873	
500000006929	
500000006953	
500000006971	
500000007071	
500000007077	
500000007107	
500000007109	
500000007137
500000007139	
500000007163	
500000007239	
500000007257	
500000007263	
500000007271	
500000007281	
500000007301	
500000007361	
500000007389
500000007427	
500000007589	
500000007607	
500000007631	
500000007667	
500000007697	
500000007709	
500000007719	
500000007769	
500000007797
500000007799	
500000007821	
500000007823	
500000007869	
500000007877	
500000007931	
500000007953	
500000007971	
500000008049	
500000008073
500000008093	
500000008099	
500000008141	
500000008153	
500000008171	
500000008187	
500000008199	
500000008201	
500000008217	
500000008301
500000008307	
500000008379	
500000008427	
500000008463	
500000008471	
500000008477	
500000008483	
500000008489	
500000008493	
500000008531
500000008559	
500000008583	
500000008591	
500000008597	
500000008619	
500000008663	
500000008693	
500000008741	
500000008769	
500000008819
500000008829	
500000008831	
500000008889	
500000008931	
500000008939	
500000009051	
500000009057	
500000009059	
500000009071	
500000009087
500000009141	
500000009203	
500000009219	
500000009227	
500000009263	
500000009279	
500000009303	
500000009317	
500000009321	
500000009323
500000009387	
500000009393	
500000009407	
500000009423	
500000009447	
500000009461	
500000009477	
500000009501	
500000009521	
500000009533
500000009549	
500000009627	
500000009653	
500000009657	
500000009723	
500000009779	
500000009801	
500000009813	
500000009827	
500000009851
500000009881	
500000009891	
500000009893	
500000009911	
500000009917	
500000009921	
500000009959	
500000009963	
500000010001	
500000010043
500000010071	
500000010127	
500000010131	
500000010157	
500000010269	
500000010311	
500000010329	
500000010337	
500000010347	
500000010379
500000010407	
500000010409	
500000010449	
500000010469	
500000010509	
500000010511	
500000010529	
500000010547	
500000010571	
500000010577
500000010613	
500000010617	
500000010647	
500000010721	
500000010773	
500000010791	
500000010833	
500000010863	
500000010871	
500000010877
500000010877	
500000010901	
500000010943	
500000010949	
500000010973	
500000011009	
500000011013	
500000011051	
500000011057	
500000011079
500000011087	
500000011129	
500000011141	
500000011193	
500000011211	
500000011219	
500000011253	
500000011267	
500000011297	
500000011337
500000011393	
500000011411	
500000011453	
500000011507	
500000011523	
500000011541	
500000011559	
500000011583	
500000011607	
500000011627
500000011639	
500000011657	
500000011661	
500000011697	
500000011699	
500000011703	
500000011711	
500000011723	
500000011759	
500000011769
500000011801	
500000011883	
500000011891	
500000011937	
500000011961	
500000011993	
500000011997	
500000012101	
500000012111	
500000012173
500000012189	
500000012219	
500000012233	
500000012249	
500000012263	
500000012269	
500000012273	
500000012311	
500000012353	
500000012357
500000012383	
500000012389	
500000012401	
500000012419	
500000012441	
500000012503	
500000012507	
500000012509	
500000012513	
500000012521
500000012539	
500000012543	
500000012573	
500000012579	
500000012587	
500000012621	
500000012639	
500000012647	
500000012669	
500000012671
500000012689	
500000012693	
500000012711	
500000012741	
500000012767	
500000012833	
500000012849	
500000012861	
500000012887	
500000012893
500000012923	
500000012927	
500000012951	
500000012957	
500000012989	
500000012999	
500000013119	
500000013179	
500000013181	
500000013209
500000013239	
500000013311	
500000013343	
500000013397	
500000013413	
500000013467	
500000013479	
500000013493	
500000013497	
500000013571
500000013593	
500000013631	
500000013659	
500000013673	
500000013679	
500000013703	
500000013727	
500000013829	
500000013839	
500000013983
500000014039	
500000014099	
500000014109	
500000014121	
500000014133	
500000014139	
500000014147	
500000014159	
500000014169	
500000014181
500000014183	
500000014303	
500000014307	
500000014309	
500000014369	
500000014379	
500000014391	
500000014433	
500000014511	
500000014529
500000014543	
500000014561	
500000014597	
500000014607	
500000014663	
500000014667	
500000014687	
500000014697	
500000014747	
500000014763
500000014837	
500000014841	
500000014849	
500000014873	
500000014907	
500000014919	
500000014937	
500000014939	
500000014949	
500000014951
500000014957	
500000015089	
500000015113	
500000015143	
500000015167	
500000015197	
500000015213	
500000015237	
500000015267	
500000015303
500000015443	
500000015477	
500000015509	
500000015527	
500000015539	
500000015569	
500000015573	
500000015579	
500000015609	
500000015629
500000015741	
500000015747	
500000015789	
500000015797	
500000015803	
500000015849	
500000015869	
500000015927	
500000015971	
500000016001
500000016053	
500000016071	
500000016073	
500000016083	
500000016091	
500000016119	
500000016121	
500000016163	
500000016181	
500000016209
500700010903	
500700010913	
500700010963	
500700011089	
500700011101	
500700011111	
500700011137	
500700011167	
500700011177	
500700011191
500700011197	
500700011213	
500700011237	
500700011239	
500700011291	
500700011309	
500700011311	
500700011323	
500700011369	
500700011407
500700011429	
500700011437	
500700011443	
500700011479	
500700011503	
500700011551	
500700011563	
500700011621	
500700011681	
500700011729
500700011731	
500700011753	
500700011809	
500700011839	
500700011849	
500700011863	
500700011869	
500700011873	
500700011923	
500700011927
500700011983	
500700011989	
500700012077	
500700012151	
500700012217	
500700012247	
500700012277	
500700012311	
500700012341	
500700012353
500700012377	
500700012431	
500700012497	
500700012511	
500700012523	
500700012583	
500700012599	
500700012629	
500700012647	
500700012649
500700012667	
500700012689	
500700012719	
500700012739	
500700012811	
500700012817	
500700012821	
500700012851	
500700012859	
500700012863
500700012881	
500700012919	
500700012941	
500700012947	
500700012973	
500700012983	
500700013043	
500700013061	
500700013063	
500700013091
500700013103	
500700013169	
500700013181	
500700013207	
500700013241	
500700013249	
500700013259	
500700013283	
500700013313	
500700013321
500700013361	
500700013369	
500700013397	
500700013399	
500700013421	
500700013493	
500700013501	
500700013531	
500700013537	
500700013543
500700013549	
500700013559	
500700013621	
500700013673	
500700013733	
500700013747	
500700013783	
500700013789	
500700013829	
500700013843
500700013873	
500700013907	
500700013927	
500700013939	
500700013999	
500700014033	
500700014041	
500700014047	
500700014053	
500700014107
500700014131	
500700014167	
500700014209	
500700014233	
500700014281	
500700014299	
500700014329	
500700014401	
500700014413	
500700014417
500700014453	
500700014491	
500700014497	
500700014531	
500700014539	
500700014579	
500700014627	
500700014671	
500700014677	
500700014729
500700014767	
500700014861	
500700014911	
500700014921	
500700014957	
500700015007	
500700015019	
500700015029	
500700015073	
500700015103
500700015133	
500700015199	
500700015203	
500700015209	
500700015223	
500700015229	
500700015289	
500700015293	
500700015311	
500700015317
500700015337	
500700015371	
500700015383	
500700015421	
500700015437	
500700015449	
500700015457	
500700015503	
500700015521	
500700015523
500700015577	
500700015643	
500700015659	
500700015661	
500700015667	
500700015701	
500700015713	
500700015737	
500700015763	
500700015797
500700015941	
500700016007	
500700016039	
500700016049	
500700016093	
500700016127	
500700016129	
500700016147	
500700016211	
500700016217
500700016241	
500700016259	
500700016277	
500700016291	
500700016331	
500700016337	
500700016343	
500700016469	
500700016507	
500700016513
508700010937	
508700010947	
508700010997	
508700011081	
508700011091	
508700011109	
508700011153	
508700011277	
508700011301	
508700011319
508700011327	
508700011363	
508700011399	
508700011439	
508700011441	
508700011493	
508700011537	
508700011577	
508700011591	
508700011661
508700011667	
508700011739	
508700011747	
508700011817	
508700011861	
508700011867	
508700011873	
508700011879	
508700011889	
508700011907
508700011951	
508700011961	
508700011969	
508700011973	
508700011993	
508700011997	
508700012011	
508700012039	
508700012053	
508700012071
508700012087	
508700012089	
508700012143	
508700012153	
508700012221	
508700012323	
508700012339	
508700012347	
508700012351	
508700012369
508700012413	
508700012417	
508700012437	
508700012441	
508700012459	
508700012467	
508700012477	
508700012543	
508700012687	
508700012707
508700012719	
508700012747	
508700012753	
508700012791	
508700012833	
508700012893	
508700012921	
508700012927	
508700012939	
508700012971
508700012981	
508700013001	
508700013047	
508700013149	
508700013169	
508700013181	
508700013197	
508700013209	
508700013223	
508700013229
508700013253	
508700013287	
508700013293	
508700013299	
508700013313	
508700013331	
508700013373	
508700013377	
508700013413	
508700013457
508700013469	
508700013511	
508700013551	
508700013583	
508700013617	
508700013623	
508700013643	
508700013671	
508700013683	
508700013697
508700013719	
508700013733	
508700013761	
508700013827	
508700013863	
508700013911	
508700013937	
508700013949	
508700014003	
508700014051
508700014117	
508700014157	
508700014169	
508700014177	
508700014213	
508700014223	
508700014237	
508700014279	
508700014289	
508700014349
508700014363	
508700014379	
508700014397	
508700014409	
508700014421	
508700014469	
508700014481	
508700014483	
508700014513	
508700014547
508700014567	
508700014583	
508700014631	
508700014651	
508700014687	
508700014699	
508700014703	
508700014717	
508700014787	
508700014799
508700014819	
508700014853	
508700014861	
508700014871	
508700014897	
508700014937	
508700014939	
508700014957	
508700014987	
508700015003
508700015017	
508700015107	
508700015191	
508700015203	
508700015231	
508700015297	
508700015359	
508700015377	
508700015393	
508700015407
508700015519	
508700015561	
508700015581	
508700015587	
508700015599	
508700015639	
508700015647	
508700015653	
508700015671	
508700015687
508700015699	
508700015713	
508700015749	
508700015767	
508700015833	
508700015897	
508700015927	
508700015987	
508700016029	
508700016037
508700016043	
508700016053	
508700016061	
508700016073	
508700016101	
508700016151	
508700016173	
508700016193	
508700016203	
508700016257
508700016271	
508700016301	
508700016313	
508700016329	
508700016371	
508700016457	
508700016467	
508700016493	
508700016497	
508700016509
508700016541	
508700016551	
508700016553	
508700016571	
508700016631	
508700016659	
508700016677	
508700016689	
508700016731	
508700016739
508700016787	
508700016809	
508700016823	
508700016859	
508700016883	
508700016889	
508700016899	
508700016901	
508700016907	
508700016947
508700016949	
508700016973	
508700017027	
508700017031	
508700017043	
508700017079	
508700017139	
508700017159	
508700017183	
508700017193
508700017229	
508700017247	
508700017271	
508700017291	
508700017321	
508700017351	
508700017369	
508700017379	
508700017393	
508700017417
508700017439	
508700017453	
508700017471	
508700017487	
508700017513	
508700017519	
508700017549	
508700017577	
508700017583	
508700017607
508700017621	
508700017627	
508700017703	
508700017729	
508700017747	
508700017759	
508700017781	
508700017829	
508700017843	
508700017853
508700017877	
508700017879	
508700017933	
508700017979	
508700018039	
508700018089	
508700018107	
508700018117	
508700018153	
508700018227
508700018251	
508700018263	
508700018297	
508700018317	
508700018383	
508700018423	
508700018429	
508700018447	
508700018459	
508700018471
508700018479	
508700018509	
508700018549	
508700018581	
508700018639	
508700018657	
508700018677	
508700018707	
508700018719	
508700018767
508700018777	
508700018821	
508700018843	
508700018873	
508700018917	
508700018923	
508700018947	
508700018969	
508700019007	
508700019019
508700019041	
508700019049	
508700019073	
508700019131	
508700019173	
508700019187	
508700019203	
508700019239	
508700019251	
508700019281
508700019307	
508700019343	
508700019353	
508700019413	
508700019419	
508700019437	
508700019439	
508700019461	
508700019481	
508700019521
508700019533	
508700019539	
508700019551	
508700019649	
508700019661	
508700019677	
508700019683	
508700019689	
508700019691	
508700019727
508700019811	
508700019823	
508700019827	
508700019853	
508700019859	
508700019869	
508700019871	
508700019881	
508700019889	
508700019901
508700019967	
508700020019	
508700020027	
508700020043	
508700020093	
508700020109	
508700020133	
508700020189	
508700020193	
508700020243
508700020249	
508700020271	
508700020307	
508700020391	
508700020397	
508700020427	
508700020459	
508700020487	
508700020583	
508700020601
508700020637	
508700020663	
508700020811	
508700020817	
508700020823	
508700020831	
508700020837	
508700020889	
508700020937	
508700020979
508700021003	
508700021051	
508700021077	
508700021113	
508700021153	
508700021161	
508700021183	
508700021191	
508700021257	
508700021261
508700021303	
508700021311	
508700021321	
508700021329	
508700021341	
508700021351	
508700021369	
508700021381	
508700021437	
508700021483
508700021507	
508700021549	
508700021561	
508700021569	
508700021591	
508700021597	
508700021603	
508700021629	
508700021647	
508700021651
508700021663	
508700021671	
508700021693	
508700021717	
508700021741	
508700021801	
508700021803	
508700021861	
508700021873	
508700021909
508700021939	
508700021959	
508700021971	
508700021983	
508700022013	
508700022073	
508700022079	
508700022109	
508700022113	
508700022119
508700022143	
508700022151	
508700022157	
508700022179	
508700022199	
508700022203	
508700022221	
508700022251	
508700022307	
508700022373
508700022401	
508700022403	
508700022469	
508700022499	
508700022511	
508700022517	
508700022521	
508700022533	
508700022541	
508700022553
508700022637	
508700022689	
508700022757	
508700022793	
508700022881	
508700022889	
508700022893	
508700022907	
508700022917	
508700022947
508700022949	
508700022967	
508700022997	
508700023001	
508700023009	
508700023057	
508700023063	
508700023093	
508700023147	
508700023187
508700023207	
508700023211	
508700023229	
508700023253	
508700023367	
508700023373	
508700023423	
508700023441	
508700023453	
508700023457
508700023477	
508700023501	
508700023511	
508700023519	
508700023547	
508700023591	
508700023633	
508700023639	
508700023723	
508700023763
508700023771	
508700023781	
508700023817	
508700023831	
508700023837	
508700023847	
508700023883	
508700023907	
508700023963	
508700023999
508700024003	
508700024011	
508700024047	
508700024071	
508700024081	
508700024083	
508700024087	
508700024153	
508700024167	
508700024197
508700024207	
508700024213	
508700024267	
508700024269	
508700024299	
508700024309	
508700024323	
508700024333	
508700024341	
508700024353
508700024363	
508700024377	
508700024387	
508700024401	
508700024419	
508700024447	
508700024471	
508700024527	
508700024531	
508700024537
508700024549	
508700024561	
508700024587	
508700024681	
508700024689	
508700024711	
508700024731	
508700024753	
508700024759	
508700024831
508700024863	
508700024869	
508700024897	
508700024933	
508700024957	
508700024983	
508700025007	
508700025049	
508700025061	
508700025103
508700025109	
508700025187	
508700025227	
508700025233	
508700025257	
508700025259	
508700025277	
508700025349	
508700025389	
508700025443
508700025451	
508700025523	
508700025557	
508700025569	
508700025611	
508700025619	
508700025641	
508700025643	
508700025653	
508700025661
508700025671	
508700025679	
508700025727	
508700025731	
508700025851	
508700025853	
508700025859	
508700025871	
508700025949	
508700025979
508700025983	
508700026019	
508700026027	
508700026063	
508700026127	
508700026129	
508700026139	
508700026141	
508700026169	
508700026231
508700026253	
508700026297	
508700026379	
508700026411	
508700026433	
508700026441	
508700026469	
508700026477	
508700026487	
508700026501
508700026537	
508700026607	
508700026619	
508700026621	
508700026651	
508700026657	
508700026663	
508700026721	
508700026753	
508700026867